id,title,intro,poster,pubdate,url,rating,genres,star,comment,tags,star_time,card
36946561,口に関するアンケート,,https://dou.img.lithub.cc/book/36946561.jpg,2024-9-4,https://book.douban.com/subject/36946561/,0,,3,,,2024-12-22 13:37:19,背筋 / 2024 / ポプラ社
34807223,糖球,东东喜欢玩玻璃球，没有朋友和他一起。东东失落地来到小商店，他想买一些新的玻璃球，却看到一袋子没见过的“玻璃球”，店主爷爷告诉他这是糖球。东东吃了一颗糖球之后，开始听到沙发的声音。后面他又陆续吃了四颗糖球，分别听到狗狗、爸爸、奶奶、树叶的声音。每吃完一颗糖球，他都感受到各种不同的情感。直到吃下最后一颗透明的糖球，没有听到任何声音。这时候，东东决定试着主动说出自己的心里话：想和我一起玩吗？,https://dou.img.lithub.cc/book/34807223.jpg,2019-8-1,https://book.douban.com/subject/34807223/,8.9,,4,,,2024-11-08 16:41:33,[韩]白希那 / 2019 / 接力出版社
10759466,地下室手记,"《地下室手记》体现了陀思妥耶夫斯基诗学的全部艺术特色，内容深刻，形式诡异，既像小说，又像忏悔录，又像哲学论文。作品主人公既像坏人，又像好人；既像小人，又像一个饱经沧桑、逆来顺受的人；既像英雄，又像“非英雄”，又什么都不像。……“地下室人”被认为是“自我中心主义者的典型”，但是又有人认为，  “地下室人”是俄国的哈姆雷特，是“多余人”的当代变形。
陀思妥耶夫斯基是他那个时代的“真理的探求者”。《地下室手记》成为一本越来越受到世人追捧的书，被认为是陀思妥耶夫斯基五部长篇小说的总序，是其创作中的里程碑。",https://dou.img.lithub.cc/book/10759466.jpg,2012-5,https://book.douban.com/subject/10759466/,9.3,,4,,,2024-10-23 15:30:56,[俄] 陀思妥耶夫斯基 / 2012 / 漓江出版社
2095993,少年的夏天,"旅行是從靠近河川源頭的地方開始。在大自然中旅行時，凡事都得靠自己是生存的鐵則。某年夏天，三名少年和一個男人，以及一條狗，划著獨木舟沿河流而下，展開了一趟充滿刺激、痛快、感人的與大自然合而為一的旅行........對少年們而言，像這樣的獨木舟之旅是初次經驗，每天划著獨木舟直到日落，接著在河流旁的草原搭帳蓬落露營。
本書是知名旅遊作家椎名誠繼《草原之戀》後，另一旅遊名作。這是他與攝影高手佐藤秀明某年夏天跟隨獨木舟選手野田知佑先生、三個少年及一條狗到北海道河川的旅行記事。旅遊結束後，大家各自帶著屬於夏天的回憶回歸原本的生活，但即使夏天過了，屬於夏天的甜蜜回憶卻沒有結束。本書風格清新淡雅，是國內少見的抒情攝影散文，將可帶給讀者耳目一新的閱讀感覺。",https://dou.img.lithub.cc/book/2095993.jpg,2000年,https://book.douban.com/subject/2095993/,0,,4,,,2024-09-24 01:13:07,椎名誠 佐藤秀明 / 2000年 / 新雨出版社
1774891,白夜,,https://dou.img.lithub.cc/book/1774891.jpg,1982年1月,https://book.douban.com/subject/1774891/,8.1,,4,,,2024-04-24 00:24:43,陀思妥耶夫斯基著 李桅译 / 1982年1月 / 浙江人民出版社
35799458,罪恶捕手,"1.变态杀人魔往往亲切又温柔，耐心地等待你放松警惕！
◆5天挑战5起变态杀人案，透过细微的异常识破恶魔的伪装！
◆女性连环谋杀案、32年复仇案、剪刀手谋杀案、幼童绑架案……桩桩案件都在考验人性！
◆国际书评网站Goodreads4.01高分图书，世界范围内发行超过70个版本！
2.作品畅销百万册的悬疑大师卡瑞西代表作！
◆作者卡瑞西是犯罪学大师，作品累计销量达数百万册！
◆肯·福莱特、迈克尔·康奈利等悬疑大师都对其赞不绝口，本书为卡瑞西集大成之作！
3.本书大部分设定都基于事实！包括但不限于：
◆存续百年的重罪档案库、擅长伪装的连环杀手、窃取他人身份的“变形人”！
◆翻开《罪恶捕手》，看穿杀人魔亲切又温柔的假象！
故事简介：
杀了我。
凌晨拨出求救电话、眼下正生命垂危的男人胸前刻着这三个字。房间里散落的谋杀“纪念品”昭示着他就是一直未落网的连环杀手。赶来的急救医生陷入犹豫，因为她的妹妹就是被害人之一。
没人想到，这只是开始。
一个追寻丈夫死亡真相的鉴识专家、一个失去记忆的罪恶追踪者、一连串重新浮现的未解谜案……“永恒之城”罗马危机四伏，一个个潜伏已久的杀人魔轮番登场，而他们背后，是一个隐藏了数百年的秘密。变态杀人魔的真实面目将逐一被揭开……
精彩评价：
Í卡瑞西构造反转的能力让人拍案叫绝！他将暗线密集地散布在字里行间，不读到最后一页，你永远无法看穿人物的真实面目，永远无法看清事件的真相。                      ——作家兼评论家塞尔吉奥·彭特
Í一个精妙的悬疑故事，就该像《罪恶捕手》一样，让你在悬念的恐惧中忍不住不停地翻页，然后酣畅淋漓地完成一段智力与人性上的巅峰对决。——Goodreads高赞评论
Í这根本就是一本犯罪实录，几近犯罪形态手法百科全书！通过紧张且环环相扣的剧情，作者一路带我们抽丝剥茧，看尽人心险恶，让我对邪恶的本质有了新的理解。——读者书评
Í这是丹·布朗迷的必读书目，读后脑洞大开，它完全颠覆了我的认知。 ——国外书评",https://dou.img.lithub.cc/book/35799458.jpg,2022-7,https://book.douban.com/subject/35799458/,8,,4,,,2023-08-01 12:10:55,多纳托·卡瑞西 / 2022 / 文汇出版社
35817587,六個說謊的大學生,"★2022年本屋大賞TOP5★
有一種「惡意」，比殺人更深刻，
如果能爭取到更好的未來，
你，願意「說謊」嗎？
一場絕對猜不到凶手的沉浸式心理戰
日本全國書店員、讀者口碑推崇，屬於當今世代的燒腦神作
狂銷150,000冊，現象級IP改編電影、舞台劇、漫畫
從踏入「面試室」的那一刻起，將顛覆你所有預想
╳席捲各大獎項與書單╳
★第43回吉川英治文學新人獎提名
★第22回本格推理大獎提名
★入選寶島社2022年「這本推理小說了不起！」TOP8
★入選早川書房《推理小說雜誌》2022年「好想讀這本推理小說！」TOP8
★入選原書房2022年十大本格推理小說TOP4
★入選《週刊文春》2021年最佳十大懸疑小說TOP6
★第5回未來屋書店小說大獎 第2名
★2021年山田風太郎獎提名
「那年，我踏入一生必定走進一次，再平凡不過的面試室，
以為那是象徵美好人生的起點，
沒想到，卻是踏入一個無比異常的空間……
那場兩個半小時的『面試』，讓我的命運從此搭上超乎想像的列車。」
迅速成長的IT企業祭出高薪，首次招募社會新鮮人，
就讀大學三年級的波多野祥吾，與其他五名應屆畢業生，
從五千人裡一路脫穎而出，進入面試最後一關。
公司提出的最終面試考題，是要他們在一個月內建立一個團隊，
若表現優異，則六個人都可以得到工作。
隨著相處時間越來越長，他們也建立起如同夥伴的情誼。
就在六個大學生賭上未來生涯，進行最終面試的途中，
意外在面試室的角落發現了六封信，上面各自寫著每個人的名字，
打開其中一封，裡頭竟放著「○○是殺人犯」的告密信。
告密文暗示：「在場的這六個人，都是不折不扣的人渣。」
為了保住工作機會，他們試圖找出告密信的犯人真面目，
一場單純的面試開始走調，變成互揭瘡疤、腥風血雨的人性角力，
甚至讓前途光明的他們，留下一生無法抹去的傷疤。
在最終面試的多年後，
「犯人死掉」時，一切犯罪動機才正要揭開。
作者淺倉秋成善於營造伏筆，能讓讀者收穫滿滿閱讀本格推理作品的快感，
人稱「伏筆的狙擊手」，是當前日本懸疑推理界的怪物新人。
《六個說謊的大學生》是淺倉秋成出道後，正式打響名號之作，
對他而言，「這是一本將人們的固有觀念都打破的作品」。
本書將求職活動中的糾結人心描繪得淋漓盡致，
讀來有如一場沉浸式的密室心理戰，
不斷翻轉的劇情，令人折服於作者的布局，
結尾更是留下深沉餘韻，引人思考自己的過往，以及求職活動的真正意義。
不說謊推薦
冬陽│推理評論人
有隻兔子│圖文作家
馬欣│作家、影評人
喬齊安│台灣犯罪作家聯會成員、推理評論家
黃繭│作家
盧建彰│導演、作家
簡嫚書│知名演員
──不說謊推薦
★各界精采讚譽★
「一部設計感極強、卻又相當貼近你我生活體驗的作品，隱瞞祕密、揭人瘡疤、設局構陷，濃厚的惡意藏匿在哪個狀似無辜的大學生內心？穿透表象看到的將會是……隱身其後的主題有意思，尤其在高壓緊張的日本社會，帶點掙脫束縛的療癒感。」──冬陽（推理評論人）
「2022年至今最讓我驚豔的日本推理傑作！既為特殊『就活』文化的狼人殺遊戲，更是反映社會扭曲生態的密室大逃殺。淺倉秋成一次次成功布下令讀者眼鏡碎滿地的『神伏筆』與『大逆轉』，盡顯鬼才風範。故事在勵志與暗黑之間巧妙地翻轉，竟輕易操弄我們對同一個角色、同一件行為產生迥然不同的情感。這本書有多棒？將湊佳苗《告白》與朝井遼《何者》兩大名作的優點擷取起來相互融合，就是《六個說謊的大學生》了！」──喬齊安（台灣犯罪作家聯會成員、推理評論家）
「Z世代的求職路，憑藉的不再只有紙上閱歷。人們所作所為，如同被裝上一只搜索的放大鏡，此處彼處，牽一髮動全身，成了蝴蝶效應。這本小說以『求職活動』道出複雜人心，真相之前，過於美化了軟弱恐懼；真相背後，顯示現代人無處安放的自卑不安。那些無法為人所道的真實，多半夾雜了不堪與悲鳴，誠如書裡所寫『從地球只看得到月球正面，看不見月球背面，月球背面會是什麼樣子呢？』——你是一個怎麼樣的人，就會看見怎麼樣的世界；而你的價值觀，也將成為你心底所相信的那份真理。」──黃繭（作家）
「《六個說謊的大學生》，了不起！太有意思了！透過伏筆，揭開就職活動中黑暗的一面。在被書名和學生們的謊言玩弄之後，最終將觸及令人淚腺崩潰的真相。這不僅僅是一本推理小說！我希望即將進行就職活動的年輕人，和在遙遠過去經歷過就職活動的人，都能讀一讀這本書。超級推薦！這段推薦可沒有說謊哦！」──小島秀夫（日本鬼才遊戲製作人）
讀者好評大回響
「故事不停翻轉，閱讀的過程中，對犯人的猜想也一直被打破，甚至連身為讀者的我自己都開始疑神疑鬼。伏筆的回收超棒。」
「從沒讀過這麼讓人不知道該如何下書評標題的作品。啊啊啊，這本書真的太棒了。」
「很有趣！！雖然自己的求職活動沒到書中主角的地步，但回想起來還是很辛苦。這本書讓我真切感受到，每個人都有諸多面向，不應該只憑其中一部分來判斷一個人的全部」
「貫徹了本格推理『絕對會被背叛』的本質。角色們沒有特殊能力或奇幻設定，而是透過求職活動描寫真實的人心，是一部能直接與現代人產生共鳴的作品。」
「超乎我想像的好看。看到一半就覺得這本書很適合真人化，超期待電影改編！」
「一口氣讀完。書中氛圍不斷地變化，直到最後一刻都猜不透結局。」
",https://dou.img.lithub.cc/book/35817587.jpg,2022-4-28,https://book.douban.com/subject/35817587/,7.9,,5,,,2023-05-14 17:30:35,淺倉秋成 / 2022 / 采實文化
35099124,假面游戏,故事发生在1946年4月的伦敦，二战期间空袭造成的恐慌还萦绕在伦敦市民的心头。在空袭中痛失爱妻的拉尔夫•康罗伊终日靠赛马、赌马打发时间。一天夜里，他收到朋友菲利浦•麦克唐纳寄来的奇怪信件，请他连夜前往伦敦一个偏僻的街区，赴一场莫名其妙的约会。拉尔夫按照信中的指示一一 照 办了，不想接下来等待他的一切完全是一场噩梦：约会地点的主人和客人竟都将他当成了另一个人；在一辆神秘的蓝色福特轿车上，他看到了已经故去五年的的妻子约瑟芬……,https://dou.img.lithub.cc/book/35099124.jpg,2020-8,https://book.douban.com/subject/35099124/,7.5,,4,,,2023-04-24 14:00:12,[法] 保罗·霍尔特 / 2020 / 青岛出版社
1130033,13级台阶,一个监狱中的死刑执行官和一个曾因伤害罪被判刑后假释出狱的青年，为了救出一个因冤案判了死刑的犯人，落入了圈套。两人共同经受了一场生与死的考验。人是肉体、精神、社会的统一体，把三者有机地结合在一起全面描写的小说者出类拔萃的小说。本书的作者正是这样向我们讲述了一个充满恐怖与悬念的犯罪故事。,https://dou.img.lithub.cc/book/1130033.jpg,2003-1,https://book.douban.com/subject/1130033/,8.4,,4,,,2023-04-15 21:34:32,高野和明 / 2003 / 山东文艺出版社
26770271,米的缺失,,https://dou.img.lithub.cc/book/26770271.jpg,2015-1-1,https://book.douban.com/subject/26770271/,8.2,,2,,,2023-04-01 12:05:15,Maritime kalligraph Ocean calligrapher / 2015 / 四海堂印刷所书店
5038409,金色梦乡,"平凡的送貨員──青柳雅春和多年不見的老友森田森吾偶遇，卻突然被告知首相即將被暗殺，而青柳則是兇手！還一頭霧水的青柳，早已成為警方不擇手段要緝捕的對象，更慘的是，馬上成為媒體炒作下十惡不赦的罪人，唯一的對策只有不斷的逃、逃、逃……
一路上，小混混、無差別連續殺人魔、前女友等各路人馬相繼出現，情義相挺，他最後會栽在莫名其妙的命運作弄中，還是能順利逃出重圍呢？",https://dou.img.lithub.cc/book/5038409.jpg,2010-9,https://book.douban.com/subject/5038409/,9,,5,,,2023-03-07 10:26:21,[日] 伊坂幸太郎 / 2010 / 译林出版社
35406149,如首无作祟之物,"★日本民俗派推理大师、三津田信三，经典之作绝版后再度问世！2021年豆瓣热门日系推理图书top8，近万人给出8.8高分评价！
★万千书迷翘首以盼，以讲谈社文库版为底本的最新译本，加入最新绘制的插图！完美展现难以把握的案发现场和奇异建筑的样貌。
★入围多项推理大奖，超级高明的写作手法，本格推理爱好者必读的经典之作！如果说《白夜行》是所有东野迷心中最可惜的无冕佳作，那么《如首无作祟之物》对于本格推理迷来说也是如此。
★全书以古老怪谈为入口，依民俗推理而步入前行。无头尸的不断出现，恐怖与怪异的不断升级，读之从恐惧惊悚到疑窦丛生再至畅快淋漓，是本格推理爱好者绝对不可以错过的经典之作。
★引进日本原版封面，随书附赠精美书签！
【内容推荐】
媛首村坐落于奥多摩的深山幽谷中，秘守一族历代负责治理此地。在秘守家的婚舍集会中，刚满二十三岁的长男长寿郎必须从三位候选人中挑选出一位自己的新娘。然而仪式进行中，其中一位候选人惨遭杀害，而且尸体的头部不见踪影。最大的嫌疑人长寿郎也从现场消失。接下来，又出现了更多的无头尸体……这一切的背后究竟隐藏着怎样的秘密？面向所有读者的挑战书就此发起！",https://dou.img.lithub.cc/book/35406149.jpg,2021-8,https://book.douban.com/subject/35406149/,8.3,,5,,,2023-03-04 00:42:01,[日] 三津田信三 / 2021 / 文化发展出版社
6072914,独行女,一天深夜，一名女乘客死在船舱的过道里，死因似乎是惊吓过度，又似乎是被毒蛇咬伤。船长在通风口发现一封没有完成的书信，信上详述了一件离奇诡异的事情，上面写着“待我死后方可阅读”，看样子很可能与死者有关。正在这时，船上又有一名男子死亡，他身边留下了一张字条——字条是一名乘客的字迹，却签上了另一名女子的名字。接连的命案，谁是幕后黑手？厚包裹的下落究竟如何？匪夷所思的死亡留言，到底是何用意？谁会是下一个牺牲者？,https://dou.img.lithub.cc/book/6072914.jpg,2011-5,https://book.douban.com/subject/6072914/,8,,5,,,2023-02-26 16:20:02,[美] 海伦·麦克洛伊 / 2011 / 吉林出版集团
34860553,我们盗走星座的理由,"《我们盗走星座的理由》由五个短篇小说组成，开启一个个纯真幻境——
暗恋学长的高中少女，为了实现恋情偷偷尝试巫术；
爱哭的小孩，醒后发现自己身处让人忘却时间和忧伤的妖精学校；
在东京打拼的失意青年，捡到一部手机，以为生活就此出现转机；
于灾难中幸免的痴情男孩，终于等来能解除心上人所中魔咒的那一天；
精通天文知识的少年，偷走天上的星星变成项链送给病危女孩……
可是，奇迹真的就这样降临在他们身上了吗？
正当我们一厢情愿地相信时，残酷的现实魔咒展开……",https://dou.img.lithub.cc/book/34860553.jpg,2019-10,https://book.douban.com/subject/34860553/,7.7,,4,,,2023-02-07 20:58:51,[日] 北山猛邦 / 2019 / 新星出版社
26362244,連續殺人鬼青蛙男,"★第八屆『這本推理小說了不起！』令評審激辯的候選之作。
★島田莊司盛讚，重重的惡意如莫比烏斯環……
★節奏緊湊，敘事手法細膩，劇情逆轉再逆轉！
★大膽挑戰日本刑法第三十九條！
★名人推薦：杜鵑窩人｜寵物先生｜李柏青｜天地無限｜舟動｜
今天，我抓到了一隻青蛙喔。
我把牠放進盒子裡一直玩一直玩，
然後就玩膩了。後來想到，
乾脆把牠弄成布袋蟲的樣子吧。
就在牠的嘴巴裝上鉤子，吊在高高的地方吧。
上顎被勾子勾住，懸掛於大廈十三樓的一具全裸女屍。旁邊留著一張筆跡如小孩般稚拙的犯罪聲明。這是殺人鬼「青蛙男」讓市民陷入恐怖與混亂漩渦中的第一起凶殺案。
就在警察的搜查工作遲遲無進展時，接二連三的獵奇命案發生，造成整個飯能市陷入一片恐慌絕望，進而引起暴動……。搜查本部一邊參考精神醫學界權威的意見，一邊雄心壯志地展開調查，然而，「青蛙男」好似故意嘲笑警察地一再犯下無秩序的慘絕人寰惡行。
把人命當兒戲的青蛙男到底是誰？他的目的是什麼？
滿腔熱血的菜鳥縣警古手川有辦法將他繩之以法嗎？！
繩之以法，然後呢？
令人戰慄而不忍卒讀的真相！
乍看本書，會以為是典型的精神系懸疑小說吧！
但是，評審委員茶木則雄認定本書作者的企圖絕不止於此：
「一再翻轉的情節大逆轉也好，隱藏於殘虐事件中的深遠主題性也好，富可讀性的劇情鋪陳也好，品質之優，皆足以與海外優秀的精神驚悚作品相抗衡。」
作者中山七里，右手優雅彈奏著勵志療癒的鋼琴曲，左手卻猛然一推，讓讀者反應不及而墜入戰慄的深淵。
這本《連續殺人鬼青蛙男》，承載著本書譯者對受難主角的心疼悲憫，讓編輯Ｌ籠罩在不敢落單行走的恐懼感，讓編輯Ｋ對結局以怒濤洶湧般的氣勢逆轉大表驚嘆，讓編輯Ｅ對群眾暴力的正當性抱持質疑，讓編輯Ｓ對人性的難以捉摸重新思索，讓編輯Ｔ闔書之後「眼淚自己跑出來」……
總之，多重觀察面向、各種複雜情緒，等著與您分享。",https://dou.img.lithub.cc/book/26362244.jpg,2015-5-27,https://book.douban.com/subject/26362244/,7.9,,4,,,2022-11-14 15:17:39,中山七里 / 2015 / 瑞昇文化
35196344,完美嫌疑人,"可能刷新华语社会派推理边界
>>>
一起早有预谋的栽赃陷害|一场无懈可击的完美犯罪
以悬案为谜面，以动机为谜底
层层反转|高智博弈|破局者恰是局中人
>>>
以爱之名的伤害，是爱，还是伤害？
-------------------------------------------------------------
《十宗罪》蜘蛛   《长夜难明》《坏小孩》紫金陈   盛赞推荐
-------------------------------------------------------------
小孩是最好的演员
>>>
>>>
>>>
星港市儿童失踪案频发，孩子们失踪时均身穿红色外套，消失于监控密布的公共场合，现场留有阿拉伯数字编号。除此之外，没有丝毫破绽。刑侦队长张一鸣一筹莫展，向前搭档、星港警界传奇钟宁求助。钟宁甫一接手，便发现所有线索都完美指向自己相交多年、敬重有加的恩人——脑外科专家廖伯岩。廖伯岩坦然邀请钟宁调查自己，甚至将“作案动机”和盘托出。这是一场阴谋，还是一个陷阱？背后是否藏着什么不为人知的秘密？
一个是刑侦天才，一个是医学专家，棋逢对手，双雄对决。钟宁步步紧逼，抽丝剥茧，自以为稳操胜券，穿过层层迷雾后却发现，真正的“作案动机”，才是绝对震撼的谜底。",https://dou.img.lithub.cc/book/35196344.jpg,2020-10,https://book.douban.com/subject/35196344/,7.2,,4,,,2022-11-03 23:18:20,陈研一 / 2020 / 天津人民出版社
30475757,圣母,"一起男童被害案搅得蓝出市人心惶惶。
好不容易怀孕生产的保奈美抱紧年幼的孩子，立誓要不惜任何代价保护她。
男人是在孩子出生后才成为父亲的，但女人，是从小生命来到体内的那一瞬间起，就是母亲了。患有不孕症的保奈美是经历过艰辛的治疗过程才终于有了孩子的，她不允许这起命案威胁到宝贵的孩子！
母亲，就是要消除所有对子女的威胁，每一位母亲都应肩负这样的使命，这是神圣的天职！",https://dou.img.lithub.cc/book/30475757.jpg,2019-3,https://book.douban.com/subject/30475757/,8.1,,4,,,2022-09-18 17:48:42,[日] 秋吉理香子 / 2019 / 新星出版社
4903189,怪人们,"向你展示全新杀人技巧的推理集。同事片冈要约会，我把房子借给了他一晚。后来从另外两个同事本田跟中山那儿听说，片冈也问他们借了房子。3个月后的某一天，像往日那样停了车回到房间，竟然发现屋里睡了个不曾谋过面的女人……
不知不觉中，你有没有发现身边那些原本很善良的人都变成了怪人……",https://dou.img.lithub.cc/book/4903189.jpg,2010-8,https://book.douban.com/subject/4903189/,6.5,,3,,,2022-08-11 20:05:12,(日) 东野圭吾 / 2010 / 人民文学出版社
34922235,剪刀男,"迷恋着美少女的体温，
却又憧憬死亡的怀抱，
徘徊在强烈的杀人欲望和自杀愿望的阴暗夹缝中……
剪刀男终于找到了完美的第三名牺牲者。
正欲下手之际，却阴错阳差地成了尸体发现者！
“我可以承认杀了前两人，但绝对不想因为没做的事情而被抓！”
荣获第十三届梅菲斯特大奖
横扫日本三大最权威榜单——
「本格推理小说BEST 10！」第二名
「这本推理小说了不起！」第九名
「周刊文春推理小说BEST 10！」第十名",https://dou.img.lithub.cc/book/34922235.jpg,2020-7,https://book.douban.com/subject/34922235/,7.3,,4,,,2022-07-24 16:23:38,[日] 殊能将之 / 2020 / 新星出版社
4140380,第七重解答,"伦敦瘟疫大爆发？！
不然，为什么会有中世纪打扮的医生游荡在街头？
不然，为什么会有满面毒疮的神秘人横死在巷尾？
案件可以有六种解释，而真相或许是第七重解答……
深夜时分，一个奇怪的身影在街道上游荡。他脸色惨白，还有一个奇怪的长鼻子。见鬼！这好像是大瘟疫时期欧洲医生的装束……
半个小时之后，另一个人俯身趴在一只垃圾桶上，他仍旧是一副中世纪的医生的装束。而在垃圾桶内，竟然蜷缩着一具尸体，满脸都是惨不忍睹的毒疮……
就在几秒钟之前，巡警还亲自翻检过垃圾桶，里面明明空空如也！更离奇的是，死者在不久前还生龙活虎地在走廊里上演了一出完美的“人间蒸发”！
一九三八年的伦敦发生大瘟疫了？不可能！警方绞尽脑汁也无法找出另一种完美的解答……",https://dou.img.lithub.cc/book/4140380.jpg,2010-1,https://book.douban.com/subject/4140380/,8.6,,5,,,2022-04-25 11:58:54,[法] 保罗·霍尔特 / 2010 / 新星出版社
26941500,希腊棺材之谜,"侦探小说中的“圣经” ，“国名系列”水准最高之作
最纯粹的逻辑推理，你的一切猜测都是徒劳
离世的古董商留下了巨额遗产，谁是那个幸运的继承人？葬礼之后，人们突然发现刚刚还出现在众人眼前的遗嘱，突然不见了踪影！
在毫无头绪之际，埃勒里·奎因指出，遗嘱只可能被藏到了一个地方——那位古董商长眠的希腊棺材里。然而，当棺盖缓缓开启，众人惊觉棺材中非但没有遗嘱的踪影，还凭空多了一具尸体……",https://dou.img.lithub.cc/book/26941500.jpg,2017-3,https://book.douban.com/subject/26941500/,8,,4,,,2022-04-13 11:14:32,[美] 埃勒里·奎因 弗雷德里克·丹奈 / 2017 / 新星出版社
4191444,毒巧克力命案,班迪克斯先生把别人寄给尤斯特爵士的巧克力拿回了家，他的太太吃了之后中毒身亡。如此巧合，是谁下的手？为了什么？警方侦办这个奇特的案件，立刻陷入困境。这时，一个由各种爱好推理艺术人士组成的业余社团“犯罪圈研究学会”来帮忙查案，不料其中六位推理迷竟分别找出了六个完美的推理结论。六个不同的结论都能有效解释案情，都能合乎逻辑地“破案”，但真相只有一个……,https://dou.img.lithub.cc/book/4191444.jpg,2009-12,https://book.douban.com/subject/4191444/,7.9,,4,,,2022-04-01 10:21:45,安东尼·伯克莱 / 2009 / 吉林出版集团
26292535,帷幕,"波洛与挚友黑斯廷斯的探案生涯回到了原点，他们再次相聚于斯泰尔斯庄园——正是在这里，初到英国的波洛解决了第一起谋杀案。
如今的波洛已到风烛残年，但还有一件急迫的任务摆在面前：一名已经犯下五起谋杀案的凶手也来到了这里。在帷幕降下之前，他必须阻止凶手再次出击……",https://dou.img.lithub.cc/book/26292535.jpg,2015-2,https://book.douban.com/subject/26292535/,9.2,,5,,"阿加莎·克里斯蒂,推理",2022-01-22 21:39:31,[英]阿加莎·克里斯蒂 / 2015 / 新星出版社
35031587,绝叫,"罗翔老师推荐！“这本书深刻地揭示了日本的社会问题，日本40多年来社会变迁的各种缩影。”
豆瓣「2020年度读书榜单」推理·悬疑类top1！
怀才者的自怜是天鹅的挽歌， 平庸者的崩坏是野兽的绝叫。
-
★同名日剧位居豆瓣“2019评分最高日本剧集”榜单Top10
★日本现象级社会派推理小说
★长达四十年的恶女编年史
★绝对现实，却超乎想象！
-
【内容简介】
铃木阳子死了，死在独居的公寓里。正确说来，是铃木阳 子几个月前死了。因为发现她时，不但遗体遭到屋内的十一只猫啃食，连猫也全数饿死了。铃木阳子显然是「孤独死」的最佳范例，但这名女子为何落到这步田地？她的亲人、朋友、同事在哪里？她的人生轨迹又是如何？
-
【编辑推荐】
《绝叫》是日本新锐社会派推理作家叶真中显创作的推理小说，讲述了女主人公阳子在平庸懦弱的表象之下，隐密的跌宕、罪恶人生。该书揭露常被人们忽视的社会问题，深刻而引人深思，刻画人物思想的变化细腻而一针见血，以阳子的离奇经历，连缀了日本四十年来社会变迁的各种缩影，是日本近年来具有代表性的优秀推理小说。
该书在日本一经出版就引起极大反响，入围第68回日本推理作家协会奖、第36回吉川英治文学新人奖、第27回“这本推理小说了不起”大奖 、第12回书店大奖、第11回启文堂大奖、周刊文春年度推理小说榜。
后《绝叫》繁体版问世，使国内推理小说爱好者得以一探究竟。《绝叫》繁体版在豆瓣获得8.6的高评分，是少有的在有简体中文版之前就广受好评的外国小说。
2019年，根据《绝叫》改编的同名日剧播出，又获得了豆瓣逾万人点评、8.4分的好成绩，并入围豆瓣“2019评分最高日本剧集”榜单Top10。
2020年7月，《绝叫》简体中文版正式上市，以飨读者。",https://dou.img.lithub.cc/book/35031587.jpg,2020-7,https://book.douban.com/subject/35031587/,8.9,,5,,推理,2022-01-18 13:49:54,[日] 叶真中显 / 2020 / 北京联合出版公司
3347997,X的悲剧,故事发生在一辆拥挤的电车上。一个男人在车上被杀，所有人都看到男人死去的经过，却没人发现凶手。很多人都有理由憎恨死者，包括死者的合伙人，然而，萨姆巡官得到的线索都指向了死胡同。受邀参与调查的哲瑞·雷恩，一名专以饰演莎士比亚剧作的老演员，宣称知道凶手是谁，却拒绝在没得到确切的证据前指认凶手的身份。一案未解，一案又起：电车上的售票员在回家的渡轮上遇害了！,https://dou.img.lithub.cc/book/3347997.jpg,2009-1,https://book.douban.com/subject/3347997/,8.4,,4,,"推理,埃勒里·奎因",2022-01-09 20:12:58,[美] 埃勒里·奎因 / 2009 / 新星出版社
30170980,爱的成人式,"【编辑推荐】
★令人拍案叫绝的惊人结局，引爆日本演艺圈、艺人争相推荐──摇滚乐团主唱、偶像歌手、电视台主播、搞笑艺人、电台DJ疯狂推荐！
★日本ORICON畅销排行榜 2014年年度畅销神作！
★日文版出版一个月再刷21次！现此书已64刷、累计印刷175万本！
★入选“第58届日本推理作家协会奖”
★获得年度“这本推理小说真厉害！”与“本格推理Best 10”大力推荐
★日本文艺春秋选入《东西推理名作TOP100》，排名力压横沟正史、京极夏彦！
★同名电影由日本当红男演员松田翔太、AKB48美少女前田敦子主演
★以娇嫩笔触写下甜美又带点苦涩的青春时光──还以为是这样的八○年代青春爱情小说，却在倒数第二行（千万不要先看）变成完全不同的故事。
★每个人看完“肯定想阅读第二遍”的推理杰作！
【内容简介】
“对于你来说，我是你的成人式……”
分手的时候，他对我说：
“我们的恋爱就是这么回事。”
初次体验恋爱时，谁都认定这场爱情是绝对的，
那么绚烂纯美如同红宝石的感情，
自己可以爱对方一辈子，而分手是不可以想象的。
“绝对、永远、不变”！
但人们总有一天会明白，
对于人来说，
这世上没有什么是绝对的。
明白了才算是长大了。",https://dou.img.lithub.cc/book/30170980.jpg,2018-6-1,https://book.douban.com/subject/30170980/,7.7,,4,,"日本,叙述性诡计",2022-01-05 21:49:56,[日]乾胡桃 / 2018 / 现代出版社
21371175,罗杰疑案,"金斯艾伯特村里坐落着两座豪宅，“皇家围场”是其中之一，而居住其中的弗拉尔斯太太刚刚过世。
此后不久，她的情人，也就是住在另一所大宅里的罗杰•艾克罗伊德先生便得知，弗拉尔斯太太一年前杀害了自己的丈夫，最终因愧疚而自杀。更重要的是，罗杰还发现她在死之前一直被一个神秘人敲诈。他展开她最后的来信，打算读出那个人的名字，可惜没有人听到。
因为一把短剑插进了他的后颈……",https://dou.img.lithub.cc/book/21371175.jpg,2013-3,https://book.douban.com/subject/21371175/,9.3,,5,,"阿加莎·克里斯蒂,推理",2021-12-31 15:19:11,[英] 阿加莎·克里斯蒂 / 2013 / 新星出版社
21692860,斯泰尔斯庄园奇案,"斯泰尔斯庄园的女主人英格尔索普太太掌管着财政大权。某日凌晨，她在自己的房间里毒发身亡，而房间的三个门都是从里面锁上的。
侦探波洛在调查此案的过程中发现了一系列疑点，但最大的疑犯——英格尔索普太太的丈夫却有不在场的证据。最让波洛感到头痛的是，庄园里的每个人似乎都隐瞒了什么。",https://dou.img.lithub.cc/book/21692860.jpg,2013-3,https://book.douban.com/subject/21692860/,7.8,,4,,"阿加莎·克里斯蒂,推理",2021-11-20 19:03:13,(英)阿加莎·克里斯蒂 / 2013 / 新星出版社
1414622,恋爱写真,日本年青摄影师诚人，突然收到已分手女友静流一封自美国的来信，丝丝回忆随即牵动起来，后来却得悉静流早于年前于纽约死去。挥之不去的回忆浮现：诚人与静流因摄影而邂逅，静流更成为他镜头下的女主角。一对恋人结伴拍下不少甜蜜片段，分手后诚人仍对她念念不忘。因为种种思念，诚人毅然远赴纽约，带著静流的相片，寻回她在纽约的足迹，却又慢慢走向意想不到的真相……,https://dou.img.lithub.cc/book/1414622.jpg,2005-6,https://book.douban.com/subject/1414622/,8.1,,4,,"日本,爱情",2021-07-01 21:55:18,[日] 市川拓司 / 2005 / 南海出版公司
4246032,西方哲学史讲演录,《西方哲学史讲演录》是一部“西方哲学史”通识课程的教材，在课堂录音的基础上整理成稿。《西方哲学史讲演录》从古希腊罗马哲学一直讲到黑格尔哲学，系统地阐述了西方哲学发生、发展的历史过程和逻辑脉络。全书思路清晰、内容丰富、文字清新简洁，深入浅出地展示了西方哲学史的精神内涵和演进历程。《西方哲学史讲演录》作者赵林教授是国家教学名师，主讲“西方哲学史”课程达20年之久，该课程于2006年被教育部评为国家级精品课程。《西方哲学史讲演录》充分展现了赵林教授的深邃思想和雄辩口才，堪称一部“西部哲学史”的上乘入门教材。,https://dou.img.lithub.cc/book/4246032.jpg,2009-11,https://book.douban.com/subject/4246032/,9.5,,5,,,2020-12-08 23:21:21,赵林 / 2009 / 高等教育出版社
20501147,中国哲学简史,"20世纪中国一代哲人冯友兰毕生的经典代表作!
被韩国首位女总统朴槿惠奉为生命灯塔，给了她战胜混乱世界的智慧和教诲。
北京大学出版社独家拥有版权的冯友兰亲自指导翻译并认可的唯一版本!
在20多万字的篇幅里融入了对中国传统思想、文化、智慧等方面的理解，融会了史与思的智慧结晶 ，洋溢着人生的智慧与哲人的洞见!
季羡林、杨振宁、厉以宁、赵启正、李慎之、易中天、张颐武推荐阅读！
所获荣誉： “全国大学生必读的100本书”之一
《中国哲学简史》内容简介：
打通古今中外的相关知识，以宏观开阔的视野对中国哲学进行了深入浅出的、融会贯通的讲解。
在有限的篇幅里融入了对中国传统思想、文化、精神、智慧等方面的理解，融会了史与思的智慧结晶，洋溢着人生的智慧与哲人的洞见，寄托着现实的人生关怀。
它在世界各地有多种译本，拥有众多的读者，是许多大学中国哲学的通用教材；同样，它也是广大读者学习中国古代文化、借鉴中国传统智慧、启迪现实人生的入门书。
它是一部名副其实的可以影响大众一生的文化经典。
名家评论
在我最困难的时期，使我重新找回内心的平静的生命灯塔的是中国著名学者冯友兰的著作《中国哲学简史》。
——韩国史上第一位女总统 朴槿惠
中国人了解、学习、研究中国哲学，冯友兰先生是可超而不可越的人物。
——中国社会科学院前副院长，著名国际问题专家 李慎之
中国哲学里，我推荐冯友兰先生的《中国哲学简史》，部头很小，讲中国哲学发展的基本过程和问题。它本来是写给美国人的，非常通俗易懂。对于所学专业不是哲学的学生是最基本的。在世界上还没有见过第二本这样的书。
——著名学者、清华大学国学院院长 陈来",https://dou.img.lithub.cc/book/20501147.jpg,2013-1-1,https://book.douban.com/subject/20501147/,9.3,,,,"中国,哲学,经典,历史",2020-09-30 19:55:55,冯友兰 / 2013 / 北京大学出版社
27055125,死了七次的男人,"我有一种独一无二的“体质”——可以让现实像玩电子游戏一样，存档，读档，再存档……
每年的一月一日，我都会和家人到外公家过新年。由于遗产继承的问题，气氛很不愉快。然而就在被灌酒灌到猛吐的夜晚，我发现自己陷入了时空黑洞中，依照惯例，这难熬的一天必须要重复九次，时间才能继续前进……
更加不幸的是，在“第一个循环”中还活得好好的外公，在“第二个循环”中却被杀死了！这可是会引发家族冲突的大麻烦。没办法，我只好利用自己特殊的“体质”，在接下来不断重复的七天里，找到让外公幸存下来的方法……",https://dou.img.lithub.cc/book/27055125.jpg,2017-7,https://book.douban.com/subject/27055125/,7.8,,4,,推理,2020-07-27 20:44:34,[日] 西泽保彦 / 2017 / 新星出版社
1075371,马丁·伊登,《马丁·伊登》(插图本)作者杰克伦敦是著名的美国作家，也是中国人熟悉和喜爱的作家，许多人对他笔下描写的狼、穷人的生活都有深刻的印象。他出生于破产农民家庭，从小出卖劳力为生，曾卖报、卸货、当童工。成年后当过水手、工人，曾去阿拉斯加淘金，得了坏血症。从此埋头读书写作，成为职业作家。他共写了19部长篇小说、150多篇短篇小说和故事，3部剧本，以及论文、特写等。到了晚期，也写一些宣扬世界末日的作品。1916年他在精神极度苦闷空虚中服毒自杀。《马丁伊登》是他的代表作品。这部带着明显新的自传痕迹的作品讲述的是水手马丁爱上上流社会的小姐罗丝，在爱情的鼓励下努力写作，最后成为知名作家，登上上流社会的顶峰之后忽然发现一切都是空虚，精神上的痛苦无法忍受也没有办法消除，最后结束了自己的生命。这是一部流传及其广泛的著作。,https://dou.img.lithub.cc/book/1075371.jpg,2004-01,https://book.douban.com/subject/1075371/,8.8,,5,,,2020-06-24 15:53:21,（美）杰克・伦敦 / 2004 / 人民文学出版社
26893260,吃鲷鱼让我打嗝,"演员×剧作家×小说家、导演×制片×编剧
杰西•艾森伯格
首部短篇小说集、同名美剧拍摄中
《吃鲷鱼让我打嗝》是杰西•艾森伯格创作的首部短篇小说集。全书以“吃鲷鱼让我打嗝”系列开篇，后承“家人”、“历史”、“室友偷走了我的拉面” 系列、“约会”等八个部分。故事背景既有当代美国的各种实景，也有庞贝古城和“电话之父”贝尔的电话空间。既采用常规的短篇小说体，也大胆使用书信体、短信体、邮件体等多种形式。
作品中，人物个性和虚构场景融为一体，柔情和潜藏在滑稽幽默之后的悲情相互交织，极致诠释了艾森伯格式喜剧，探索了现代世界的疯狂与光怪陆离。
书中漫画由法国获奖插画师让•朱利安创作， “为巴黎祈福”是他的作品。
《今日美国》：杰西•艾森伯格在文坛的前途就跟他在影坛一样，不可限量。
《泰晤士报》：你还没听过杰西•艾森伯格这位有才华的年轻人？那快了！
《周六夜现场》最年轻编剧 西蒙•里奇：《吃鲷鱼让我打嗝》令人捧腹，又令人心酸，有时还使劲儿自嘲，搞得我都想给杰西一个拥抱。他这多年的神经质性格终于炼成了这块喜剧真金。
波士顿公共电台：读《吃鲷鱼让我打嗝》的时候，我简直笑得不能自已！写得太好了！
《人物》杂志：伍迪•艾伦的粉丝们会喜欢这部由演员兼剧作家杰西•艾森伯格创作的滑稽大作。",https://dou.img.lithub.cc/book/26893260.jpg,2017-4,https://book.douban.com/subject/26893260/,7.8,,3,,"2017,杰西·艾森伯格,短篇",2020-05-26 20:22:30,[美] 杰西·艾森伯格 / 2017 / 人民文学出版社
30288379,有呀有呀书店,"日文版销量突破２０万！２０１７达芬奇图书第一名！１２万小学生评选喜爱图书第二名！
小镇的街道上，一个不起眼的角落里，有一家“有呀有呀书店”，这里专卖“和书有关的书”，每天都有慕名而来的客人，到这里寻找稀奇古怪的书。这里有：
	只能在月光下读的书
	可以孕育“作家树”的书
	两个人在一起才读的书
……
这里还有跟书有关的一切：
	水中图书馆
	会下“书雨”的村庄
	藏在墓碑中的书架
	影响人读书欲望的“读书草”
……
只要你向店长描述你的需求，他就会一边说着“有呀有呀”，一边把书拿到你的面前。这就是日本超人气作者吉竹伸介的“幻想书店”，这里有脑洞大开的想象力，温暖疗愈的轻哲理和一切有关书的奇妙物语；这里不仅售卖书，也隐藏着书的秘密，寄托着人们对书的爱。书依靠人们的幻想而生，人们又依赖书的幻想而活。
本书是日本知名童书出版社白杨社成立70周年纪念作品，宫西达也系列、“可爱的鼠小弟”系列等全球知名绘本作品就诞生在这个出版社。本书上市仅15天就加印四次，征服日本排行榜，也征服所有大人和孩子的心！",https://dou.img.lithub.cc/book/30288379.jpg,2018-8-1,https://book.douban.com/subject/30288379/,9.1,,5,,绘本,2020-05-18 22:55:14,[日]吉竹伸介 / 2018 / 中信出版社
26642648,美好的七年,过去七年间，埃特加•凯雷特有很多担忧：儿子列夫出生在恐怖袭击的中心特拉维夫；父亲生病了；他经常做关于伊朗总统的噩梦；还有一个穷追不舍的电话销售员大概一直到他死的那天都会推销产品给他。但从黑暗、荒诞的生活中诞生了许多有趣、温柔和沉思的文章。凯雷特在个人生活和政治生活、有趣 和深刻之间自由转换，让我们看到这个世界是多么反复无常，人类是如何在最不可能的地方寻找善的。,https://dou.img.lithub.cc/book/26642648.jpg,2016-3-31,https://book.douban.com/subject/26642648/,8.4,,4,,"埃特加·凯雷特,随笔",2020-05-01 18:34:16,[以色列] 埃特加·凯雷特 / 2016 / 上海文艺出版社
26881656,最后一个故事，就这样啦,"一个男人的漂亮女朋友到了晚上就会变成一个热爱足球的粗汉，而这个男人发现自己和这个粗汉相处得很好；一对不断缩小的父母；一个思想会化为形状的世界；一条悲观主义的会说话的中东鱼。
在这部短小的睿智讽刺短篇集中，以色列最畅销作家凯雷特描述了很多折磨他笔下人物的令人啼笑皆非之事。",https://dou.img.lithub.cc/book/26881656.jpg,2017-4-30,https://book.douban.com/subject/26881656/,7.5,,4,,埃特加·凯雷特,2019-12-25 23:54:44,[以色列] 埃特加·凯雷特 Etgar Keret / 2017 / 人民文学出版社
4152770,根西岛文学与土豆皮馅饼俱乐部,"伦敦的幽默专栏女作家朱丽叶，对战后英国凋敝的景象颇感乏味，而新书的题材和小报的绯闻又让她一筹莫展。困顿中，她收到了一封来自根西岛的陌生人来信，信上说在一本查尔斯·兰姆的旧书里发现了她的姓名和住址。
这本凭借着神秘本能飘洋过海的二手书，让朱丽叶结识了独特的“根西岛文学与土豆皮馅饼俱乐部”。随着鱼雁往返，这群素未谋面的俱乐部会员让朱丽叶深深着迷，他们分享着黯淡岁月中酸楚而温暖的百态人生，笔触间荡漾的真挚情感和显露的高贵内心令人动容。不经意间，这些书信也给朱丽叶的人生带来了意想不到的改变……",https://dou.img.lithub.cc/book/4152770.jpg,2010-1-1,https://book.douban.com/subject/4152770/,8.6,,5,,,2019-12-17 22:34:50,"(美) 谢弗, (美) 拜罗斯著 Mary Ann Shaffer , Annie Barrows [美国] 安妮·拜罗斯 / 2010 / 南海出版公司"
25903505,蛤蟆的油,"日本民间流传着这样一个故事：在深山里，有一种特别的蛤蟆，它和同类相比，不仅外表更丑，而且还多长了几条腿。人们抓到它后，将其放在镜前或玻璃箱内，蛤蟆一看到自己丑陋不堪的外表，不禁吓出一身油。这种油，也是民间用来治疗烧伤烫伤的珍贵药材。晚年回首往事，黑泽明自喻是只站在镜前的蛤蟆，发现自己从前的种种不堪，吓出一身油——这油的结晶就是这部《蛤蟆的油》。
从孩提时代一个孱弱的“夜哭郎”，如何痴迷于绘画和电影，如何幸得启蒙而踏入电影界，最后如何执导《罗生门》等影片而成为世界级的导演黑泽明坦然直面过往的一切，人生的甘苦，艺术的感悟，流露于字里行间。",https://dou.img.lithub.cc/book/25903505.jpg,2014-8,https://book.douban.com/subject/25903505/,8.6,,4,,自传,2019-12-11 23:04:07,[日]黑泽明 / 2014 / 南海出版公司
27184303,遥远的向日葵地,"此书为李娟近两年开始写作并发表在《文汇报》笔会的专栏——“遥远的向日葵地”的最新文字结集。
“向日葵地”在阿勒泰戈壁草原的乌伦古河南岸，是李娟母亲多年前承包耕种的一片贫瘠土地。李娟一如既往用她细腻、明亮的笔调，记录了劳作在这里的人和他们朴素而迥异的生活细节：她勤劳乐观的母亲、高龄多病的外婆，大狗丑丑小狗赛虎，鸡鸭鹅，以及日渐华盛，却被鹅喉羚毁了再种，种了又毁的九十亩葵花地……刻画的不只是母亲和边地人民的坚韧辛劳，更是他们内心的期翼与执着，也表达了对环境的担忧和对生存的疑虑。呈现出一种完全暴露在大自然中脆弱微渺的，同时又富于乐趣和尊严的生存体验。",https://dou.img.lithub.cc/book/27184303.jpg,2017-11,https://book.douban.com/subject/27184303/,9.1,,4,,"2017,散文",2019-12-06 19:43:21,李娟 / 2017 / 花城出版社
4181156,双曲线的杀人案,岁末年初的东京连续发生持枪抢劫案，嫌疑犯锁定在一对双胞胎兄弟的身上；然而兄弟二人巧妙地钻了法律的空子，不仅持续作案而不被定罪，甚至轻而易举地将负责侦查此案的警探玩弄于股掌之间。与此同时，宫城县的深山里一所叫“观雪庄”的旅馆，迎来了一批受邀滑雪度新年的东京客人；然而随着一位客人突然于“密室”中上吊身亡，纯洁的白雪世界也立刻显得诡异起来。罪恶的双曲线向着各自的终点延伸开去，这可怕的一切真的无法挽回了么？,https://dou.img.lithub.cc/book/4181156.jpg,1985,https://book.douban.com/subject/4181156/,8,,4,,"日本,推理",2019-11-14 16:14:29,[日] 西村京太郎 / 1985 / 海南人民出版社
2297697,ZOO,每天早上都有一张我女朋友尸体的照片放到我的收件箱里，照片显示着女朋友的尸体正在一天天地生蛆、腐化。她是在我们去过动物园之后失踪的。所有人都认为她只是失踪了，只有我知道她被杀了。我辞了职，拿着她生前的照片四处寻找凶手的线索，一副心力憔悴的模样。然而苦心寻找的背后隐藏的却是我不愿面对的真相，是我亲手杀了她……,https://dou.img.lithub.cc/book/2297697.jpg,2007-10,https://book.douban.com/subject/2297697/,8.5,,5,,"乙一,推理,短篇集",2019-09-21 20:19:54,[日] 乙一 / 2007 / 当代世界出版社
1657484,高龙巴,"故事发生的地点在法国的科西嘉海岛。那是拿破仑的故乡。发生的时间是在十九世纪二
十年代以前，拿破仑失败以后不久。当时资产阶级文明还远远没有能够越过大海征服这个海
岛。那里保留着古朴的、带点中世纪野蛮的民风。岛上当然也有法律。但人民往往不顾法
律，而凭着他们的良心和古老的遗风行事。这古老的遗风之一就是“愤达他”，意为复仇。
那不是一般意义上的复仇，还有着特殊的涵意，即一人受辱，及于近亲，所以近亲也有报复
的责任；报复的对象也不限于仇者本人，也及其近亲。——这部小说叙述的就是，高龙巴如
何促成了一次“愤达他”，如何导演了一曲惊心动魄的复仇的戏剧。高龙巴，从外表看，是
绝伦的美丽，而且端庄、大方。但她是在这座海岛上生长的，是海岛的真正的女儿。平时她
是温顺、有礼的。而当她激动，特别是当她面对仇人时，眼中就闪耀着奇异的火焰。她没有
受过什么正式教育，在一些涉及文明的常识方面惊人的无知，但她能够对所接触到的人事说
出最准确的意见。她同情那些绿林中的土匪——在科西嘉，土匪并不是一个坏的名称，她说
宁可出卖自己的面纱，也不能不以面包和枪弹接济他们。而对那些官兵们，她有时倒加以嘲
弄。她从小就东抹西涂的写诗，她是一个有名的挽歌女，善于临时编唱出动人的挽歌。
就是这样一个村姑，她发誓要为被暗害的父亲复仇，不达目的，决不罢休。而她终于达
到了目的。
她家的家世，可以追溯到七百年前，一直在岛上享有崇高的威望。他们有一个仇家：巴
里岂尼家族。由于年代久远，结仇的原因已弄不清了。高龙巴的父亲台拉·雷皮阿曾在拿破
仑军中当过上校，后来因拿破仑倒台而被迫退伍，隐居在乡间，经常受到当了村长的仇家瞿
弟斯·巴里岂尼律师的刁难。后来有一天，雷皮阿被暗杀了。有证据证明，那是当地一个著
名土匪干的。那个土匪在几天以后为巡逻兵打死。人们认为这件凶案已经了结了。但高龙巴
则认为那证据是巴里岂尼伪造的。就在父亲的尸体前，她编唱了一首“巴拉太”（即挽
歌），当众指出真正的凶手是巴里岂尼家，并表明了复仇的决心。这首“巴拉太”流传开来
了。一种紧张的气氛笼罩在这有着旧恨新仇的两个世家之间。
当地的习俗使她——一个女子不能与她的仇人血刃相见。她将复仇的希望寄托在军队里
当上尉的哥哥奥索身上。她等待了两年。奥索终于退伍回来了。
奥索是很年轻时就离开了家乡参军的，长期受到了资产阶级文明的熏陶。他勇敢，重视
荣誉，只是在他身上已很少具有他妹妹的那种野性。他不相信巴里岂尼家是杀害他父亲的凶
手，所以当他得知父亲的凶讯后，并没有急急从部队赶回家乡。这次退伍回来，也并没有怀
着复仇的要求。而且，他已不太习惯于岛上的那些野蛮的民风了。使他谨慎行事的还有一个
重要原因：他已倾心于和他同船上岛的一个名叫丽弟亚的英国少女。那少女再三劝告他不要
为岛上的野蛮的风习所左右。她还送了他一枚戒指，要他时时记住她的劝告。不过，这一枚
戒指可能还有她没有说出的涵意吧。
然而，他终于不能自主地沿着他妹妹所布置的复仇的道路走去了。高龙巴精心策划所产
生的效果压倒了丽弟亚小姐赠送的戒指的魔力。
高龙巴初与哥哥见面时，她一句也没有说到复仇的事，虽然奥索在她的每一个眼神和动
作中都觉察到了她的意图。她的避而不谈是在等待适当的时机和气氛。几天以后，高龙巴将
哥哥带到父亲的坟前，为亡父的灵魂祈祷。她又让他看了父亲遇害的血衣和两颗致命的枪
弹。她充满激情的悲痛的倾诉使他感动而且搅乱了他的心。已被压服的科西嘉人的本性在他
的血液中翻腾了起来。高龙巴又设计将州长和村长瞿弟斯律师与他的两个儿子诱到了家里
来，拿出了有力的证明，指出原来的罪证是瞿弟斯伪造的。同时她还大胆地请来了两个绿林
土匪作证。奥索不得不相信父亲的遇难是出于巴里岂尼家的阴谋。当瞿弟斯的两个儿子恼羞
成怒，企图杀害他时（是高龙巴及时地扭住了行凶者的手臂救了奥索的），奥索终于立下了
复仇的决心了。
但他还想以比较文明的方式，通过一场光明正大的决斗，而不是以野蛮的暗杀来解决问
题。然而，当他独自一人去迎接将到他家作客的丽弟亚小姐和她的父亲时，遇到了巴里岂尼
两个儿子的埋伏。他在左臂受伤的情况下，用丽弟亚小姐的父亲赠送给他的长枪，以快速的
两次射击结束了那一对兄弟的生命。
奥索成为了人们夸耀的英雄，高龙巴也以有这样一个哥哥而自豪。其实，这更是高龙巴
的胜利。她的决心，她的智谋，她的勇敢，使她成为了这一次复仇事件的真正的主角。与奥
索比较起来，她更是一个强者。她实现了她自编的“挽歌”中的话：“我要那只放枪的手，
我要那只瞄准的眼睛，我要那颗起这个恶念的心……”
穿插在这一幕戏剧中的英国少女丽弟亚和她的父亲奈维尔上校，只是陪衬人物，增加了
一些色彩，一些情趣，也帮助推动了情节的发展。丽弟亚与高龙巴是一个强烈的对照。一个
是资产阶级的贵小姐，一个是带着野性的村姑。她们都美丽、聪明、热情。然而，丽弟亚颇
有一点娇气、任性，相当浓厚的虚荣心。在高龙巴闪闪发光的形象面前，她要黯淡得多。
在小说中，还出现了两个生活在绿林中的土匪。其中一个曾经在拿破仑手下当过兵。另
一个是更奇妙的人物：在学院里研究过神学的大学生，他懂得好几国语言，能随口引经据
典。他希望得到的礼物是荷拉斯的集子。他粗犷、豪迈、而又温文尔雅。他们都有命案在
身，于是一不做，二不休，公开反抗社会，过着随心所欲，但也是动荡、危险的生活，遵守
着他们自己的荣誉观念和道德观念。他们受到群众的掩护和帮助，高龙巴就经常接济他们面
包和弹药。而在必要时，他们也肯为了帮助高龙巴，冒着风险挺身而出。他们的形象和高龙
巴的形象是互相辉映的。
一个美丽、端庄、热情、而又勇敢、野性未驯的少女，一个惊心动魄的复仇的故事，其
中还穿插着一场奇异的爱情，背景又是在一个有着野蛮古风的海岛上，这样就使这部小说具
有很大的吸引读者的力量。梅里美的创作方法是现实主义的，但内容却富有浓厚的浪漫色
彩。他极善于安排情节，制造情势，从而表现出人物的性格。正像一切艺术大师一样，他能
够用寥寥几笔就使一个出场不多的人物栩栩如生，而对那些主要人物的性格则更是精心刻
画。他是通过了自己的体验去创造他的人物的，因而读者也能够体验到人物在各种情势下的
心情，虽然他并没有过多地去描写人物的心理活动。卢那卡尔斯基谈到梅里美的创作方法时
说：“这些作品表面上极为冷静。……在他那整个精湛的艺术里，作家们的感情不是短缺，
便是被深灭地隐藏着。”我倾向于后一判断：他的表面的冷静下面是隐藏着激情的。这一点
在《高龙巴》里面表现得特别明显。他的文笔又是那样洗练、生动，还掺杂着一点幽默感，
就更使这部小说成为了艺术中的珍品。
不过，这部看来并没有什么深厚的社会内容的小说，除了为我们带来了一幅动人的风俗
画，给了我们一些艺术享受以外，有什么更多的积极意义呢？
可以借用卢那卡尔斯基的话来回答：“如果说他喜欢描写凶狠的男男女女，如果说他醉
心于作奸犯科的事情，如果说他不顾道德的话，那么这首先是为了用他的优越感做鞭子，从
远处去抽打心怀偏见的庸庸碌碌的俗流；他了解的近在他身边的俗流，由中上层阶级代表构
成的俗流。”这是十分精辟的见解。梅里美是一个有着高度文化素养的学者和作家，长期在
法国政府中任官职。但他从幼小时起就受到法国大革命思想的影响，对资产阶级腐败的社会
风气是不满的，对那些虚伪、浅薄、骄奢淫欲的资产阶级的绅士、淑女是鄙视的。不过，他
也并没有为自己寻求一个可以追求的理想，并没有向现实斗争的决心。他过着优裕的生活，
内心却是寂寞、苦闷的。他在直接描写资产阶级人物的小说中，都带着批判和嘲弄的语调。
他更多的作品却都充满异国情调，他赞赏那些淳朴、勇敢、生气勃勃、带着野性和反叛精神
的人物，用以发泄自己对资本主义社会的不满。《高龙巴》就是这样的一部作品。",https://dou.img.lithub.cc/book/1657484.jpg,2005-05-01,https://book.douban.com/subject/1657484/,8.5,,4,,法国,2019-09-21 16:49:47,(法)梅里美 / 2005 / 外语教学与研究出版社
26951584,小说课,"►关于阅读，他们这样说：
通过认真阅读小说，我在年轻的时候学会了认真对待生活——[土耳其] 奥尔罕·帕慕克
不管多忙，生活多困苦，读书和听音乐，对我来说始终都是不变的巨大喜悦。唯有那喜悦是任何人都无法夺走的。——[日本] 村上春树
在青少年时代，每一次阅读跟每一次经验一样，都会产生独特的滋味和意义；而在成熟的年龄，一个人会欣赏更多的细节、层次和含义。——[意大利] 伊塔洛·卡尔维诺
►毕飞宇这样说：
有时候我把小说看得很重，足可比拟生命。有时候我也会把小说看得非常轻，它就是玩具，一个手把件，我的重点不在看，而在摩挲，一遍又一遍。
对许多人来说，因为有了足够的生活积累，他拿起了笔。我正好相反，我的人生极度苍白，我是依仗着阅读和写作才弄明白一些事情的。
集结万千读者的热情期待，网络阅读量超千万，2016腾讯书院文学奖获奖作品！
广受好评，最不一样的阅读范本
茅盾文学奖获得者毕飞宇带你进入最妙不可言的小说世界
你，真的读懂小说了吗？
一千个读者就有一千个哈姆雷特，我渴望我的这本书可以抵达文学的千分之一。——毕飞宇
经典不仅仅是文学史上那些德高望重的作品，经典首要的意义是作者与读者的沟通
别具一格的阅读体验，与众不同的毕氏解读
以小说家的眼光读小说！
以普通人的姿态读人性 ！
经典，原来可以这样读！

本书辑录了作家毕飞宇在南京大学等高校课堂上与学生谈小说的讲稿，所谈论的小说皆为古今中外名著经典，既有《聊斋志异》《水浒传》《红楼梦》，也有哈代、海明威、奈保尔、乃至霍金等人的作品，讲稿曾发表于《钟山》杂志，广为流传，特结集以飨读者。",https://dou.img.lithub.cc/book/26951584.jpg,2017-2,https://book.douban.com/subject/26951584/,8.7,,4,,小说研究,2019-05-07 10:10:15,毕飞宇 / 2017 / 人民文学出版社
30163860,绿毛水怪,王小波短篇小说集，其中同名小说《绿毛水怪》是王小波小说处女作，可以一窥作者创作的源头及其后的发展走向。小说中肆意的想象力、幽默的调侃以及人对自我意志的彰显，是作者zui突出的写作风格，也是一以贯之的精神内核。小说《绿毛水怪》也是王小波和李银河的定情之作，其间洋溢的强烈诗意，令人看到小说和杂文之外的另一个王小波。,https://dou.img.lithub.cc/book/30163860.jpg,2018-6,https://book.douban.com/subject/30163860/,9.1,,5,,"王小波,短篇小说",2019-05-04 17:47:28,王小波 / 2018 / 北京十月文艺出版社
1066462,向左走·向右走,"“她习惯向左走，他习惯向右走，他们始终不曾相遇。”《向左走·向右走》是几米首次表现男女感情的长篇图文创作。男女主角彼此在生活中的巧妙关系，构成了整个故事的设计。在页面的衔接上，有许多的巧思安排，在线条与上色上，作了更细致的处理，手法俐落有变化，是几米相当成熟的作品，也是代表作之一。
幾米表示，这本书的创作灵感始于某一天被隔壁的电钻声吵得无法画画，只好开始发呆，然后天马行空地胡思乱想。突然觉得从不知道我家隔壁住的人是谁，可是每天跟他或她只隔一道薄薄的墙而睡。如果我们在外面偶然相遇，若我们从不曾提及彼此的住处，那么也许我们不会再相逢，也永远不知道其实我们就住在隔壁。",https://dou.img.lithub.cc/book/1066462.jpg,2002-8,https://book.douban.com/subject/1066462/,8.4,,4,,"台湾,绘本",2019-04-27 11:15:59,幾米 / 2002 / 生活·读书·新知三联书店
27043711,这样写出好故事,"卡夫卡说：“我们应该只读那些会咬人和蜇人的书。”
只有好故事才会折磨读者！
读者或观众喜欢一本小说、一幕戏的原因只有一个：好故事。
他们希望从故事中寻获不同的经验，不同于每日所见的事物。
而情节和结构是好故事的基础，只要情节够精彩、结构够完整，就能成功将读者带入全新的世界。
本书作者詹姆斯·斯科特·贝尔是创意写作高手，出版过20余部小说，2000年基督教小说奖得主，《图书馆周刊》赞其为“悬疑大师”。美国《作家文摘》经典写作指导书系作者，佩珀代因大学虚构写作教授。
他将在书中教你：
◆好情节的原则：LOCK系统
◆好结构的秘密：三幕＋两扇门
◆强劲紧凑的开头、中段、结尾写法
◆创造难忘场景的四道和弦
◆利用角色弧线增加故事层次与深度
◆激发创意点子的20种方法
◆大纲人与不大纲人的情节编排手法
◆常见的情节问题与解药
没有复杂的理论，只讲实用的基础，新手也可以理解并立刻运用！搭配历代经典与当代畅销小说情节解析，加上每章节最后提供的练习题，让你一步步学会写作技巧，创作出让读者、观众爱不释手的精彩故事！
自媒体人、潜力畅销书作者、广告文案、影视编剧等均不可错过的好故事创作指南。",https://dou.img.lithub.cc/book/27043711.jpg,2017-6-1,https://book.douban.com/subject/27043711/,8.3,,4,,"写作,方法论",2019-04-11 17:26:19,[美] 詹姆斯·斯科特·贝尔 / 2017 / 湖南文艺出版社
27029463,畅销作家写作全技巧,"日本推理大师的私人写作训练课堂
超全面的作家职业成长规划书
………………
※编辑推荐※
★ 直木赏、吉川英治文学奖、日本推理小说大奖获得者，前日本推理协会会长大泽在昌创作秘诀完整公开!
★ 30余年创作历程、千万本畅销保证、近百本小说创作技法精髓，浓缩成10堂写作技巧必修课、42个实用小说写作案例
★ 完整阐述了作家写作的构思脉络，写作技巧解析结合习作案例讲评，全面分析了现代出版市场现状和小说创作规律，为热爱阅读和写作、有志于成为职业作家的读者提供了独特的经验和真诚的建议。
………………
※内容简介※
这是一本独具特色的小说创作技巧指南，由日本推理小说家大泽在昌所开办的一系列“小说课堂”讲座内容汇集精选而成。该讲座针对从日本选拔出的十二位青年写作者，以“大师开办私塾”的形式，旨在传授作者三十余年写作生涯中的创作经验和写作心得。
本书将历时一年的讲座浓缩为十堂写作课程和四次课题讲评，大泽在昌用鲜活的案例，幽默犀利的点评全方位分解了小说创作中故事结构、角色塑造、首尾布局、文字描写、对话技巧、叙述风格等具体问题；结合学生与老师的问答、作者与编辑的交流等环节，真实解密了优秀小说家的构思方式和创作脉络。对于热爱阅读与写作，对小说创作有兴趣和热情的读者来说，本书不仅是一本创意宝库，更是一本实用的“作家养成手册”——作者在书中坦诚地分享了职业作家的生活习惯、创作心境与生存之道——希望每一个有志于成为作家的读者在阅读本书后，都能够找到自己擅长的写作领域，学会充分发挥自己的创作天赋，懂得更好地磨炼写作技艺，真正做到日益精进。",https://dou.img.lithub.cc/book/27029463.jpg,2017-7,https://book.douban.com/subject/27029463/,8,,4,,写作,2019-04-04 16:08:52,[日] 大泽在昌 / 2017 / 江西人民出版社
3806309,如何写影评,"我们都有许多自己珍视且产生过共鸣的影片，电影已经在很大程度上成为我们日常生活的一部分。不同于其他艺术形式，电影能引发一种强烈的情感或智性上的回应。我们有表达的欲望，具备一种分析性的评价能力将会增加我们从观赏电影中获得的乐趣。“有一种乐趣来自分析、探索和思考”，对电影敏锐的思考与评价让我们以一种前所未有的方式来享受观影的愉悦。
这是一本在美国最为畅销的影评写作指导。不论是简短的电影评论，课堂上的电影报告，还是长篇大论的研究论文，都可以从本书中找到如何起步的诀窍。书中除了介绍各种类型的电影批评方法、提供主要的电影理论观点和电影术语外，还细致入微地为读者提供详实的写作技巧：从如何记笔记、如何搜集资料、如何开头、如何下结论、如何遣词造句等具体的写作细节，到如何开始深度的电影研究，等等。同时，每一步骤均提供例文作为参考，可操作性极强，是非常实用的电影评论写作入门书。
★填补国内专业影评写作指南的空白  不同于文学式、随感式的影评，专业影评的写作需要全面、丰富、准确的电影知识以及相应的史论修养，让影评的写作有章可循。本书勾勒了电影的基本理论框架，分析介绍电影的视听语言，言简意赅，准确精要，为读者写出一篇专业的优秀影评提供帮助。
★可操作性、实用性极强  本书细致入微地为读者提供翔实的写作技巧，同时，每一步骤均提供精选的优美例文作为参考，可操作性极强，是非常实用的电影评论写作的入门书。
★针对性强，有的放矢  作者科里根教授依据自己多年的写作与教育经验，深刻理解学生写作过程中的困难和焦虑，以其丰富的经验，将这些困惑一一开解。
★广征博引电影史上及当代的经典片例  本书在说明该如何写影评的过程中，大量介绍了电影史上和当代的经典片例，精要地描绘了世界电影史及电影理论的地图。精美恰当的电影配图、作者精辟的电影评论与独到分析视角，让读者读完此书后，对世界电影的认知更加直观、深刻，做到“胸中有丘壑”，下笔更有所依。
★实用时新的权威资料索引  本书给出了大量最新的、实用的电影学习与研究的权威资料库、网站、杂志、期刊目录，并对这些资料进行了简要的介绍与评价，为读者在茫茫电影资料的海洋中指明了方向。",https://dou.img.lithub.cc/book/3806309.jpg,2009,https://book.douban.com/subject/3806309/,7.6,,3,,"影评,写作",2019-04-02 22:57:00,(美)蒂莫西•科里根 / 2009 / 世界图书出版公司
23780806,奇想，天动,"也许我不该查明真相
但你的人生不该遭受恣意践踏
一个在东京流浪的老人，只因小小的纷争便在浅草寺刺死了一位食品店老板娘。刑警吉敷竹史认为案子另有隐情，多方追查之下，一桩三十多年前发生在北海道暴风雪之夜的未解奇案渐渐浮出水面……惊天的诡计背后，究竟隐藏着多少艰辛与苦难？
本作中，吉敷竹史经历了人生中最离奇、最辛酸的案件；岛田庄司不吝笔墨，细致刻画了这位热血刑警明晰的头脑与执著的信念。二〇一三年，日本《周刊文春》评选“东西推理BEST 100”书单，本作当之无愧地入选其中。",https://dou.img.lithub.cc/book/23780806.jpg,2013-4,https://book.douban.com/subject/23780806/,8.4,,3,,"日本,推理",2019-04-02 18:30:37,[日] 岛田庄司 / 2013 / 新星出版社